key,p_x,p_y
01RUS.X1,,
01RUS.X2,,
01RUS.X3,,
01RUS.X4,,
01RUS.X8,,
01RUS.X9,,
01RUS.X10,,
01RUS.X11,,
01RUS.X17,,
01RUS.X18,,
01RUS.X19,,
01RUS.X6,,
01RUS.X7,,
01RUS.X22,,
01KSA.X1,,
01KSA.X3,,
01KSA.X5,,
01KSA.X6,,
01KSA.X7,,
01KSA.X8,,
01KSA.X10,,
01KSA.X13,,
01KSA.X14,,
01KSA.X17,,
01KSA.X18,,
01KSA.X9,,
01KSA.X19,,
01KSA.X20,,
02EGY.X23,,
02EGY.X2,,
02EGY.X6,,
02EGY.X7,,
02EGY.X8,,
02EGY.X9,,
02EGY.X13,,
02EGY.X17,,
02EGY.X19,,
02EGY.X21,,
02EGY.X22,,
02EGY.X5,,
02EGY.X11,,
02EGY.X14,,
02URU.X1,,
02URU.X2,,
02URU.X3,,
02URU.X4,,
02URU.X6,,
02URU.X8,,
02URU.X9,,
02URU.X10,,
02URU.X15,,
02URU.X21,,
02URU.X22,,
02URU.X5,,
02URU.X7,,
02URU.X14,,
03POR.X1,,
03POR.X3,,
03POR.X5,,
03POR.X6,,
03POR.X7,,
03POR.X8,,
03POR.X11,,
03POR.X14,,
03POR.X16,,
03POR.X17,,
03POR.X21,,
03POR.X9,,
03POR.X10,,
03POR.X20,,
03ESP.X1,,
03ESP.X3,,
03ESP.X4,,
03ESP.X5,,
03ESP.X6,,
03ESP.X8,,
03ESP.X15,,
03ESP.X18,,
03ESP.X19,,
03ESP.X21,,
03ESP.X22,,
03ESP.X10,,
03ESP.X11,,
03ESP.X17,,
04MAR.X12,,
04MAR.X2,,
04MAR.X5,,
04MAR.X6,,
04MAR.X7,,
04MAR.X8,,
04MAR.X9,,
04MAR.X10,,
04MAR.X14,,
04MAR.X16,,
04MAR.X18,,
04MAR.X4,,
04MAR.X20,,
04MAR.X21,,
04IRN.X1,,
04IRN.X3,,
04IRN.X4,,
04IRN.X7,,
04IRN.X8,,
04IRN.X9,,
04IRN.X10,,
04IRN.X11,,
04IRN.X18,,
04IRN.X20,,
04IRN.X23,,
04IRN.X14,,
04IRN.X17,,
04IRN.X19,,
05FRA.X1,0.5,3
05FRA.X2,3,4.5
05FRA.X4,2,4
05FRA.X5,2,2.2
05FRA.X6,3.5,2.4
05FRA.X7,4.8,3
05FRA.X10,4.5,2.8
05FRA.X11,4,3.2
05FRA.X12,3.5,3.6
05FRA.X13,3,3
05FRA.X21,3,1.5
05FRA.X9,2.875,0
05FRA.X14,3.25,0
05FRA.X18,3.625,0
05AUS.X1,6,3
05AUS.X5,4.2,3.83
05AUS.X7,2.5,1.8
05AUS.X10,2.5,4
05AUS.X11,1.5,3
05AUS.X13,3.25,3.3
05AUS.X15,3.25,2.7
05AUS.X16,4,4.5
05AUS.X19,4,1.5
05AUS.X20,4.2,2.1
05AUS.X23,2.4,3
05AUS.X9,2.875,6
05AUS.X17,3.25,6
05AUS.X22,3.625,6
06PER.X1,,
06PER.X2,,
06PER.X6,,
06PER.X8,,
06PER.X10,,
06PER.X13,,
06PER.X15,,
06PER.X17,,
06PER.X18,,
06PER.X19,,
06PER.X20,,
06PER.X9,,
06PER.X11,,
06PER.X23,,
06DEN.X1,,
06DEN.X4,,
06DEN.X6,,
06DEN.X7,,
06DEN.X8,,
06DEN.X9,,
06DEN.X10,,
06DEN.X14,,
06DEN.X17,,
06DEN.X20,,
06DEN.X23,,
06DEN.X11,,
06DEN.X13,,
06DEN.X19,,
07ARG.X23,6,3
07ARG.X3,3.1,4.5
07ARG.X5,3.1,3.7
07ARG.X10,2.1,2.1
07ARG.X11,2,4.5
07ARG.X13,2.7,1.8
07ARG.X14,3.8,3.2
07ARG.X16,4.5,3.8
07ARG.X17,4,2.1
07ARG.X18,3.5,1.5
07ARG.X19,2,3.2
07ARG.X7,2.875,6
07ARG.X9,3.25,6
07ARG.X22,3.625,6
07ISL.X1,0.5,3
07ISL.X2,2.5,4.5
07ISL.X6,2.5,2.7
07ISL.X7,4,4.5
07ISL.X8,3.5,2
07ISL.X10,4.5,3
07ISL.X11,5,3
07ISL.X14,2.5,3.4
07ISL.X17,3.25,3.2
07ISL.X18,3.1,1.5
07ISL.X20,3.25,2.7
07ISL.X9,2.875,0
07ISL.X19,3.25,0
07ISL.X23,3.625,0
08CRO.X23,6,3
08CRO.X2,3.5,1.5
08CRO.X3,3.8,4.5
08CRO.X4,2.7,3.2
08CRO.X6,4,2
08CRO.X7,3.7,3
08CRO.X9,2.5,3.5
08CRO.X10,3,2.8
08CRO.X17,2,3
08CRO.X18,2.5,2.8
08CRO.X21,4,4
08CRO.X8,2.875,6
08CRO.X11,3.25,6
08CRO.X20,3.625,6
08NGA.X23,0.5,3
08NGA.X2,2.7,1.5
08NGA.X4,3.25,3.8
08NGA.X5,2,4
08NGA.X6,2,2
08NGA.X8,3.25,3.2
08NGA.X9,5,3
08NGA.X10,4.2,3
08NGA.X11,3.7,3.9
08NGA.X12,2.7,4.5
08NGA.X18,3.8,1.8
08NGA.X7,2.875,0
08NGA.X13,3.25,0
08NGA.X14,3.625,0
09BRA.X1,,
09BRA.X2,,
09BRA.X3,,
09BRA.X5,,
09BRA.X9,,
09BRA.X10,,
09BRA.X11,,
09BRA.X12,,
09BRA.X14,,
09BRA.X15,,
09BRA.X19,,
09BRA.X8,,
09BRA.X17,,
09BRA.X20,,
09SUI.X1,,
09SUI.X2,,
09SUI.X5,,
09SUI.X9,,
09SUI.X10,,
09SUI.X11,,
09SUI.X13,,
09SUI.X14,,
09SUI.X15,,
09SUI.X22,,
09SUI.X23,,
09SUI.X6,,
09SUI.X7,,
09SUI.X17,,
10CRC.X1,0.5,3
10CRC.X2,2.5,3.3
10CRC.X3,2.8,3
10CRC.X5,3.25,3.6
10CRC.X6,2.8,1.9
10CRC.X10,4,3.2
10CRC.X11,4,1.6
10CRC.X15,3,1.5
10CRC.X16,2.8,4.5
10CRC.X20,3,2.8
10CRC.X21,5,3
10CRC.X7,2.875,0
10CRC.X9,3.25,0
10CRC.X12,3.625,0
10SRB.X1,6,3
10SRB.X3,4.3,3.8
10SRB.X4,3.4,2.7
10SRB.X6,3.5,1.5
10SRB.X9,1.5,3
10SRB.X10,2.5,1.7
10SRB.X11,3.25,4.5
10SRB.X15,4,2.1
10SRB.X20,2,2.1
10SRB.X21,3.4,3.3
10SRB.X22,2.5,3.8
10SRB.X2,2.875,6
10SRB.X8,3.25,6
10SRB.X17,3.625,6
11GER.X1,,
11GER.X2,,
11GER.X5,,
11GER.X6,,
11GER.X7,,
11GER.X8,,
11GER.X9,,
11GER.X10,,
11GER.X13,,
11GER.X17,,
11GER.X18,,
11GER.X11,,
11GER.X20,,
11GER.X23,,
11MEX.X13,,
11MEX.X2,,
11MEX.X3,,
11MEX.X7,,
11MEX.X11,,
11MEX.X14,,
11MEX.X15,,
11MEX.X16,,
11MEX.X18,,
11MEX.X22,,
11MEX.X23,,
11MEX.X4,,
11MEX.X9,,
11MEX.X21,,
12SWE.X1,,
12SWE.X2,,
12SWE.X4,,
12SWE.X6,,
12SWE.X7,,
12SWE.X8,,
12SWE.X9,,
12SWE.X10,,
12SWE.X17,,
12SWE.X18,,
12SWE.X20,,
12SWE.X13,,
12SWE.X15,,
12SWE.X22,,
12KOR.X23,,
12KOR.X2,,
12KOR.X6,,
12KOR.X7,,
12KOR.X9,,
12KOR.X11,,
12KOR.X13,,
12KOR.X16,,
12KOR.X17,,
12KOR.X19,,
12KOR.X20,,
12KOR.X10,,
12KOR.X12,,
12KOR.X15,,
13BEL.X1,6,3
13BEL.X2,4,2.1
13BEL.X5,4,4
13BEL.X6,3.5,3.3
13BEL.X7,3.1,3
13BEL.X9,1.5,3
13BEL.X10,2,3.8
13BEL.X11,3.2,4.5
13BEL.X14,2,2.1
13BEL.X15,3.25,1.5
13BEL.X20,4.5,3
13BEL.X16,2.875,6
13BEL.X19,3.25,6
13BEL.X22,3.625,6
13PAN.X1,0.5,3
13PAN.X2,2.8,4.5
13PAN.X4,2.3,2.4
13PAN.X5,2.3,3.5
13PAN.X6,2.8,3
13PAN.X7,5,3
13PAN.X8,4.3,4.3
13PAN.X11,4,3.3
13PAN.X15,2.8,1.5
13PAN.X20,3.5,2.7
13PAN.X21,4,1.5
13PAN.X9,2.875,0
13PAN.X10,3.25,0
13PAN.X18,3.625,0
14TUN.X22,,
14TUN.X2,,
14TUN.X4,,
14TUN.X8,,
14TUN.X9,,
14TUN.X10,,
14TUN.X11,,
14TUN.X12,,
14TUN.X13,,
14TUN.X17,,
14TUN.X23,,
14TUN.X1,,
14TUN.X14,,
14TUN.X19,,
14ENG.X1,,
14ENG.X2,,
14ENG.X5,,
14ENG.X6,,
14ENG.X7,,
14ENG.X8,,
14ENG.X9,,
14ENG.X10,,
14ENG.X12,,
14ENG.X18,,
14ENG.X20,,
14ENG.X4,,
14ENG.X19,,
14ENG.X21,,
15POL.X1,,
15POL.X2,,
15POL.X4,,
15POL.X7,,
15POL.X9,,
15POL.X10,,
15POL.X11,,
15POL.X13,,
15POL.X16,,
15POL.X19,,
15POL.X20,,
15POL.X5,,
15POL.X18,,
15POL.X23,,
15SEN.X16,,
15SEN.X3,,
15SEN.X5,,
15SEN.X6,,
15SEN.X9,,
15SEN.X10,,
15SEN.X12,,
15SEN.X13,,
15SEN.X18,,
15SEN.X19,,
15SEN.X22,,
15SEN.X8,,
15SEN.X11,,
15SEN.X14,,
16COL.X1,,
16COL.X3,,
16COL.X4,,
16COL.X6,,
16COL.X9,,
16COL.X11,,
16COL.X16,,
16COL.X17,,
16COL.X20,,
16COL.X21,,
16COL.X23,,
16COL.X5,,
16COL.X7,,
16COL.X10,,
16JPN.X1,,
16JPN.X3,,
16JPN.X5,,
16JPN.X7,,
16JPN.X8,,
16JPN.X10,,
16JPN.X14,,
16JPN.X15,,
16JPN.X17,,
16JPN.X19,,
16JPN.X22,,
16JPN.X4,,
16JPN.X9,,
16JPN.X16,,
17RUS.X1,,
17RUS.X2,,
17RUS.X3,,
17RUS.X4,,
17RUS.X6,,
17RUS.X8,,
17RUS.X11,,
17RUS.X17,,
17RUS.X18,,
17RUS.X19,,
17RUS.X22,,
17RUS.X7,,
17RUS.X10,,
17RUS.X13,,
17EGY.X23,,
17EGY.X2,,
17EGY.X6,,
17EGY.X7,,
17EGY.X8,,
17EGY.X9,,
17EGY.X10,,
17EGY.X13,,
17EGY.X17,,
17EGY.X19,,
17EGY.X21,,
17EGY.X11,,
17EGY.X14,,
17EGY.X22,,
18URU.X1,,
18URU.X2,,
18URU.X3,,
18URU.X4,,
18URU.X5,,
18URU.X6,,
18URU.X7,,
18URU.X9,,
18URU.X15,,
18URU.X21,,
18URU.X22,,
18URU.X8,,
18URU.X14,,
18URU.X17,,
18KSA.X22,,
18KSA.X3,,
18KSA.X4,,
18KSA.X6,,
18KSA.X7,,
18KSA.X9,,
18KSA.X13,,
18KSA.X14,,
18KSA.X17,,
18KSA.X18,,
18KSA.X19,,
18KSA.X10,,
18KSA.X12,,
18KSA.X16,,
19POR.X1,,
19POR.X3,,
19POR.X5,,
19POR.X6,,
19POR.X7,,
19POR.X8,,
19POR.X10,,
19POR.X11,,
19POR.X14,,
19POR.X17,,
19POR.X21,,
19POR.X16,,
19POR.X18,,
19POR.X23,,
19MAR.X12,,
19MAR.X2,,
19MAR.X4,,
19MAR.X5,,
19MAR.X7,,
19MAR.X8,,
19MAR.X10,,
19MAR.X13,,
19MAR.X14,,
19MAR.X16,,
19MAR.X17,,
19MAR.X9,,
19MAR.X11,,
19MAR.X23,,
20IRN.X1,,
20IRN.X3,,
20IRN.X6,,
20IRN.X8,,
20IRN.X9,,
20IRN.X10,,
20IRN.X11,,
20IRN.X17,,
20IRN.X19,,
20IRN.X20,,
20IRN.X23,,
20IRN.X5,,
20IRN.X14,,
20IRN.X18,,
20ESP.X1,,
20ESP.X2,,
20ESP.X3,,
20ESP.X5,,
20ESP.X6,,
20ESP.X11,,
20ESP.X15,,
20ESP.X18,,
20ESP.X19,,
20ESP.X21,,
20ESP.X22,,
20ESP.X8,,
20ESP.X9,,
20ESP.X20,,
21FRA.X1,0.5,3
21FRA.X2,3,4.5
21FRA.X4,2,4
21FRA.X5,2,2.2
21FRA.X6,3.25,2.7
21FRA.X7,4.3,3
21FRA.X9,4.8,3
21FRA.X10,4.3,4.5
21FRA.X13,3.25,3.3
21FRA.X14,4,1.8
21FRA.X21,3,1.5
21FRA.X11,2.875,0
21FRA.X15,3.25,0
21FRA.X18,3.625,0
21PER.X1,6,3
21PER.X2,4.7,3.83
21PER.X6,4,4.5
21PER.X8,2,2.8
21PER.X9,1.5,3
21PER.X15,4.7,2.1
21PER.X17,3.8,1.5
21PER.X18,2.8,2.2
21PER.X19,2.8,3.5
21PER.X20,3.25,3.7
21PER.X23,3.5,2.9
21PER.X4,2.875,6
21PER.X10,3.25,6
21PER.X11,3.625,6
22DEN.X1,0.5,3
22DEN.X4,2,3.8
22DEN.X6,2,2.1
22DEN.X8,3.25,2.3
22DEN.X9,5,3
22DEN.X10,4.5,3
22DEN.X14,3,4.5
22DEN.X17,3,1.5
22DEN.X19,3,3.2
22DEN.X20,4.3,4.2
22DEN.X23,4,2.3
22DEN.X11,3,0
22DEN.X21,3.5,0
22AUS.X1,6,3
22AUS.X5,4.3,3.5
22AUS.X7,2.5,2.1
22AUS.X10,2.5,3.8
22AUS.X11,1.5,3
22AUS.X13,3.5,3.3
22AUS.X15,3.7,2.7
22AUS.X16,3.7,4.5
22AUS.X19,3.7,1.5
22AUS.X20,4.5,2.1
22AUS.X23,2.5,3
22AUS.X9,2.875,6
22AUS.X17,3.25,6
22AUS.X22,3.625,6
23ARG.X23,0.5,3
23ARG.X2,2.5,4.5
23ARG.X3,2.5,2
23ARG.X8,3.25,1.5
23ARG.X10,4,3.5
23ARG.X13,3.8,2.7
23ARG.X14,2.8,3
23ARG.X15,3.25,3.3
23ARG.X17,2,3.5
23ARG.X18,3.8,4.5
23ARG.X19,5,3
23ARG.X9,2.875,0
23ARG.X21,3.25,0
23ARG.X22,3.625,0
23CRO.X23,6,3
23CRO.X2,3.5,1.5
23CRO.X3,3.5,4.5
23CRO.X4,2.5,2.7
23CRO.X6,4.3,2.2
23CRO.X7,3,3.8
23CRO.X10,3,2.2
23CRO.X11,3.5,3
23CRO.X17,1.8,3
23CRO.X18,2.2,3.2
23CRO.X21,4.3,3.83
23CRO.X5,2.875,6
23CRO.X8,3.25,6
23CRO.X9,3.625,6
24NGA.X23,6,3
24NGA.X2,3.25,4.5
24NGA.X4,3.25,3.4
24NGA.X5,4.3,3
24NGA.X6,4,2.1
24NGA.X7,2,3.8
24NGA.X8,2.6,3.4
24NGA.X10,3.25,2.6
24NGA.X11,3,1.5
24NGA.X14,2,2.1
24NGA.X22,4.3,3.8
24NGA.X9,2.875,6
24NGA.X18,3.25,6
24NGA.X21,3.625,6
24ISL.X1,0.5,3
24ISL.X2,2.8,4.5
24ISL.X6,2.5,2.3
24ISL.X8,3.6,2.1
24ISL.X10,3.5,2.8
24ISL.X11,4.7,3.3
24ISL.X14,2.5,3.8
24ISL.X17,3,3.2
24ISL.X18,2.8,1.5
24ISL.X19,3.7,3.8
24ISL.X22,4.7,2.8
24ISL.X5,2.875,0
24ISL.X9,3.25,0
24ISL.X23,3.625,0
25BRA.X1,6,3
25BRA.X2,4,2.5
25BRA.X3,4.2,3.5
25BRA.X5,3.4,3.2
25BRA.X9,2.3,3
25BRA.X10,2.3,4.3
25BRA.X11,3,3.7
25BRA.X12,3.5,4.5
25BRA.X15,3,2.5
25BRA.X19,3,1.8
25BRA.X22,3.8,1.5
25BRA.X7,2.875,6
25BRA.X17,3.25,6
25BRA.X20,3.625,6
25CRC.X1,0.5,3
25CRC.X2,2.7,3.8
25CRC.X3,2.7,3
25CRC.X5,3.7,3.4
25CRC.X6,2.7,2.4
25CRC.X8,3,1.5
25CRC.X10,3.7,2.4
25CRC.X11,4.5,3
25CRC.X16,3,4.5
25CRC.X20,3.25,2.5
25CRC.X21,5,3
25CRC.X7,2.875,0
25CRC.X15,3.25,0
25CRC.X17,3.625,0
26SRB.X1,,
26SRB.X3,,
26SRB.X4,,
26SRB.X6,,
26SRB.X9,,
26SRB.X10,,
26SRB.X11,,
26SRB.X15,,
26SRB.X17,,
26SRB.X20,,
26SRB.X21,,
26SRB.X18,,
26SRB.X22,,
26SUI.X1,,
26SUI.X2,,
26SUI.X5,,
26SUI.X9,,
26SUI.X10,,
26SUI.X11,,
26SUI.X13,,
26SUI.X14,,
26SUI.X15,,
26SUI.X22,,
26SUI.X23,,
26SUI.X7,,
26SUI.X18,,
26SUI.X19,,
27GER.X1,,
27GER.X3,,
27GER.X7,,
27GER.X8,,
27GER.X9,,
27GER.X11,,
27GER.X13,,
27GER.X16,,
27GER.X17,,
27GER.X18,,
27GER.X19,,
27GER.X20,,
27GER.X21,,
27GER.X23,,
27SWE.X1,,
27SWE.X2,,
27SWE.X3,,
27SWE.X4,,
27SWE.X6,,
27SWE.X7,,
27SWE.X8,,
27SWE.X9,,
27SWE.X10,,
27SWE.X17,,
27SWE.X20,,
27SWE.X11,,
27SWE.X21,,
27SWE.X22,,
28KOR.X23,,
28KOR.X2,,
28KOR.X7,,
28KOR.X8,,
28KOR.X11,,
28KOR.X12,,
28KOR.X16,,
28KOR.X17,,
28KOR.X18,,
28KOR.X19,,
28KOR.X20,,
28KOR.X10,,
28KOR.X14,,
28KOR.X15,,
28MEX.X13,,
28MEX.X3,,
28MEX.X7,,
28MEX.X11,,
28MEX.X14,,
28MEX.X15,,
28MEX.X16,,
28MEX.X18,,
28MEX.X21,,
28MEX.X22,,
28MEX.X23,,
28MEX.X4,,
28MEX.X10,,
28MEX.X17,,
29BEL.X1,,
29BEL.X2,,
29BEL.X5,,
29BEL.X6,,
29BEL.X7,,
29BEL.X9,,
29BEL.X10,,
29BEL.X11,,
29BEL.X14,,
29BEL.X15,,
29BEL.X20,,
29BEL.X8,,
29BEL.X17,,
29BEL.X21,,
29TUN.X1,,
29TUN.X2,,
29TUN.X4,,
29TUN.X7,,
29TUN.X8,,
29TUN.X9,,
29TUN.X10,,
29TUN.X11,,
29TUN.X12,,
29TUN.X13,,
29TUN.X17,,
29TUN.X3,,
29TUN.X21,,
29TUN.X23,,
30ENG.X1,6,3
30ENG.X2,4,2.1
30ENG.X5,3.7,3
30ENG.X6,4,4.5
30ENG.X7,2.8,3.5
30ENG.X8,3.25,2.8
30ENG.X9,1.5,3
30ENG.X10,2,3
30ENG.X12,3.5,1.5
30ENG.X18,3.25,3.8
30ENG.X21,2.8,2.4
30ENG.X3,2.875,6
30ENG.X11,3.25,6
30ENG.X17,3.625,6
30PAN.X1,0.5,3
30PAN.X2,3,4.5
30PAN.X4,2.5,2.1
30PAN.X5,2.5,3.8
30PAN.X6,3,3.3
30PAN.X7,4.5,3
30PAN.X8,4,3.8
30PAN.X11,3.5,3.8
30PAN.X15,3,1.5
30PAN.X20,3.5,2.1
30PAN.X21,4,1.5
30PAN.X16,2.875,0
30PAN.X19,3.25,0
30PAN.X23,3.625,0
31POL.X1,,
31POL.X2,,
31POL.X5,,
31POL.X6,,
31POL.X9,,
31POL.X10,,
31POL.X13,,
31POL.X18,,
31POL.X19,,
31POL.X20,,
31POL.X23,,
31POL.X11,,
31POL.X14,,
31POL.X15,,
31COL.X1,,
31COL.X4,,
31COL.X5,,
31COL.X8,,
31COL.X9,,
31COL.X10,,
31COL.X11,,
31COL.X13,,
31COL.X17,,
31COL.X20,,
31COL.X23,,
31COL.X7,,
31COL.X15,,
31COL.X16,,
32JPN.X1,,
32JPN.X3,,
32JPN.X5,,
32JPN.X7,,
32JPN.X8,,
32JPN.X10,,
32JPN.X14,,
32JPN.X15,,
32JPN.X17,,
32JPN.X19,,
32JPN.X22,,
32JPN.X4,,
32JPN.X9,,
32JPN.X11,,
32SEN.X16,,
32SEN.X3,,
32SEN.X5,,
32SEN.X6,,
32SEN.X10,,
32SEN.X12,,
32SEN.X13,,
32SEN.X17,,
32SEN.X18,,
32SEN.X19,,
32SEN.X22,,
32SEN.X8,,
32SEN.X9,,
32SEN.X11,,
33URU.X1,,
33URU.X3,,
33URU.X6,,
33URU.X8,,
33URU.X9,,
33URU.X14,,
33URU.X15,,
33URU.X17,,
33URU.X19,,
33URU.X21,,
33URU.X22,,
33URU.X7,,
33URU.X10,,
33URU.X18,,
33RUS.X1,,
33RUS.X3,,
33RUS.X4,,
33RUS.X6,,
33RUS.X8,,
33RUS.X11,,
33RUS.X13,,
33RUS.X15,,
33RUS.X19,,
33RUS.X22,,
33RUS.X23,,
33RUS.X2,,
33RUS.X7,,
33RUS.X10,,
34KSA.X21,,
34KSA.X3,,
34KSA.X6,,
34KSA.X7,,
34KSA.X9,,
34KSA.X13,,
34KSA.X14,,
34KSA.X16,,
34KSA.X18,,
34KSA.X19,,
34KSA.X23,,
34KSA.X8,,
34KSA.X20,,
34EGY.X1,,
34EGY.X2,,
34EGY.X6,,
34EGY.X7,,
34EGY.X8,,
34EGY.X9,,
34EGY.X10,,
34EGY.X13,,
34EGY.X17,,
34EGY.X19,,
34EGY.X21,,
34EGY.X11,,
34EGY.X14,,
34EGY.X22,,
35IRN.X1,,
35IRN.X3,,
35IRN.X6,,
35IRN.X8,,
35IRN.X9,,
35IRN.X11,,
35IRN.X17,,
35IRN.X18,,
35IRN.X19,,
35IRN.X20,,
35IRN.X23,,
35IRN.X5,,
35IRN.X10,,
35IRN.X14,,
35POR.X1,,
35POR.X3,,
35POR.X5,,
35POR.X6,,
35POR.X7,,
35POR.X9,,
35POR.X10,,
35POR.X14,,
35POR.X20,,
35POR.X21,,
35POR.X23,,
35POR.X8,,
35POR.X11,,
35POR.X17,,
36ESP.X1,,
36ESP.X2,,
36ESP.X3,,
36ESP.X5,,
36ESP.X6,,
36ESP.X10,,
36ESP.X15,,
36ESP.X18,,
36ESP.X19,,
36ESP.X21,,
36ESP.X22,,
36ESP.X9,,
36ESP.X17,,
36ESP.X20,,
36MAR.X12,,
36MAR.X2,,
36MAR.X4,,
36MAR.X6,,
36MAR.X7,,
36MAR.X8,,
36MAR.X10,,
36MAR.X13,,
36MAR.X14,,
36MAR.X16,,
36MAR.X17,,
36MAR.X11,,
36MAR.X19,,
36MAR.X20,,
37DEN.X1,6,3
37DEN.X4,4.3,2.1
37DEN.X6,3.5,3
37DEN.X8,2.7,3.3
37DEN.X10,2.5,2.7
37DEN.X11,2.5,1.5
37DEN.X13,4.3,3.5
37DEN.X14,3.8,1.5
37DEN.X17,3.5,4.5
37DEN.X21,1.5,3
37DEN.X23,2.5,4.3
37DEN.X12,2.875,6
37DEN.X15,3.25,6
37DEN.X18,3.625,6
37FRA.X16,0.5,3
37FRA.X3,2,2.2
37FRA.X4,2,4
37FRA.X7,4.2,3
37FRA.X8,3.5,1.7
37FRA.X9,5,3
37FRA.X11,3.8,4.3
37FRA.X13,3.2,3.4
37FRA.X15,3.2,2.6
37FRA.X19,3.2,4.5
37FRA.X21,3.2,1.5
37FRA.X10,2.875,0
37FRA.X18,3.25,0
37FRA.X22,3.625,0
38AUS.X1,6,3
38AUS.X5,4.3,3.5
38AUS.X7,2,2
38AUS.X9,1.5,3
38AUS.X10,2,4
38AUS.X13,3.4,3.5
38AUS.X15,3.4,2.5
38AUS.X16,3.5,4.5
38AUS.X19,3.5,1.5
38AUS.X20,4.3,2.3
38AUS.X23,2.8,3
38AUS.X4,2.875,6
38AUS.X17,3.25,6
38AUS.X22,3.625,6
38PER.X1,0.5,3
38PER.X4,2,2.4
38PER.X6,2.8,1.5
38PER.X8,3.8,2.4
38PER.X9,5,3
38PER.X13,3,3.5
38PER.X15,2,3.6
38PER.X17,2.8,4.5
38PER.X18,3.8,3.7
38PER.X19,3,2.3
38PER.X20,3.7,2
38PER.X7,2.875,0
38PER.X16,3.25,0
38PER.X23,3.625,0
39NGA.X23,,
39NGA.X2,,
39NGA.X4,,
39NGA.X5,,
39NGA.X6,,
39NGA.X7,,
39NGA.X8,,
39NGA.X10,,
39NGA.X11,,
39NGA.X14,,
39NGA.X22,,
39NGA.X9,,
39NGA.X13,,
39NGA.X18,,
39ARG.X12,,
39ARG.X2,,
39ARG.X3,,
39ARG.X7,,
39ARG.X9,,
39ARG.X10,,
39ARG.X11,,
39ARG.X14,,
39ARG.X15,,
39ARG.X16,,
39ARG.X17,,
39ARG.X13,,
39ARG.X19,,
39ARG.X22,,
40ISL.X1,0.5,3
40ISL.X2,2.5,4.5
40ISL.X5,2.5,3.8
40ISL.X6,2.5,2.2
40ISL.X7,3.8,4.3
40ISL.X8,3.8,1.7
40ISL.X10,4.5,3
40ISL.X11,5,3
40ISL.X17,3.25,3.3
40ISL.X18,3,1.5
40ISL.X20,3.1,2.8
40ISL.X4,2.875,0
40ISL.X9,3.25,0
40ISL.X21,3.625,0
40CRO.X12,6,3
40CRO.X4,2.3,3.8
40CRO.X5,4.3,2.1
40CRO.X8,3.5,3.8
40CRO.X9,2,3.2
40CRO.X10,3.25,2.1
40CRO.X13,3.25,1.5
40CRO.X15,4.3,3.8
40CRO.X19,3.7,3
40CRO.X20,2.7,2.1
40CRO.X22,3.25,4.5
40CRO.X6,2.875,6
40CRO.X7,3.25,6
40CRO.X14,3.625,6
41SRB.X1,,
41SRB.X2,,
41SRB.X9,,
41SRB.X10,,
41SRB.X11,,
41SRB.X13,,
41SRB.X15,,
41SRB.X17,,
41SRB.X20,,
41SRB.X21,,
41SRB.X22,,
41SRB.X7,,
41SRB.X18,,
41SRB.X19,,
41BRA.X1,,
41BRA.X2,,
41BRA.X3,,
41BRA.X5,,
41BRA.X9,,
41BRA.X10,,
41BRA.X11,,
41BRA.X12,,
41BRA.X15,,
41BRA.X19,,
41BRA.X22,,
41BRA.X6,,
41BRA.X8,,
41BRA.X17,,
42SUI.X1,6,3
42SUI.X2,3.5,1.5
42SUI.X5,4.5,3.5
42SUI.X7,2,3.8
42SUI.X10,3.7,3.2
42SUI.X11,4,2
42SUI.X13,3.5,4.5
42SUI.X15,2.3,2.8
42SUI.X18,1.5,3
42SUI.X22,4.5,2.5
42SUI.X23,2,2
42SUI.X6,2.875,6
42SUI.X17,3.25,6
42SUI.X19,3.625,6
42CRC.X1,0.5,3
42CRC.X2,2.5,3.8
42CRC.X3,2.5,3
42CRC.X5,3.5,3.7
42CRC.X8,3,1.5
42CRC.X9,4.5,1.7
42CRC.X10,4,3.7
42CRC.X12,5,3.1
42CRC.X16,3,4.5
42CRC.X19,2.7,2.4
42CRC.X20,3.25,2.8
42CRC.X4,2.875,0
42CRC.X13,3.25,0
42CRC.X14,3.625,0
43KOR.X23,,
43KOR.X2,,
43KOR.X5,,
43KOR.X7,,
43KOR.X13,,
43KOR.X14,,
43KOR.X15,,
43KOR.X17,,
43KOR.X18,,
43KOR.X19,,
43KOR.X20,,
43KOR.X8,,
43KOR.X11,,
43KOR.X22,,
43GER.X1,,
43GER.X3,,
43GER.X5,,
43GER.X6,,
43GER.X8,,
43GER.X9,,
43GER.X10,,
43GER.X11,,
43GER.X14,,
43GER.X15,,
43GER.X18,,
43GER.X13,,
43GER.X20,,
43GER.X23,,
44MEX.X13,,
44MEX.X3,,
44MEX.X7,,
44MEX.X11,,
44MEX.X14,,
44MEX.X15,,
44MEX.X16,,
44MEX.X18,,
44MEX.X21,,
44MEX.X22,,
44MEX.X23,,
44MEX.X8,,
44MEX.X17,,
44MEX.X19,,
44SWE.X1,,
44SWE.X2,,
44SWE.X3,,
44SWE.X4,,
44SWE.X6,,
44SWE.X7,,
44SWE.X8,,
44SWE.X9,,
44SWE.X10,,
44SWE.X17,,
44SWE.X20,,
44SWE.X13,,
44SWE.X15,,
44SWE.X22,,
45ENG.X1,,
45ENG.X3,,
45ENG.X4,,
45ENG.X5,,
45ENG.X11,,
45ENG.X15,,
45ENG.X16,,
45ENG.X17,,
45ENG.X19,,
45ENG.X21,,
45ENG.X22,,
45ENG.X6,,
45ENG.X14,,
45BEL.X1,,
45BEL.X3,,
45BEL.X8,,
45BEL.X16,,
45BEL.X17,,
45BEL.X18,,
45BEL.X19,,
45BEL.X20,,
45BEL.X21,,
45BEL.X22,,
45BEL.X23,,
45BEL.X4,,
45BEL.X14,,
46PAN.X1,0.5,3
46PAN.X4,2.7,2.7
46PAN.X5,2,3.1
46PAN.X6,3.25,3.4
46PAN.X8,3.8,2.3
46PAN.X9,4.5,2.7
46PAN.X13,2.7,4.5
46PAN.X17,2.7,1.5
46PAN.X19,3.5,1.8
46PAN.X20,3.75,4
46PAN.X21,3.75,3.5
46PAN.X3,2.875,0
46PAN.X16,3.25,0
46PAN.X18,3.625,0
46TUN.X16,6,3
46TUN.X4,4.3,3.8
46TUN.X5,3.25,4.5
46TUN.X6,4.3,2.1
46TUN.X8,2,2
46TUN.X10,1.5,3
46TUN.X13,3,3.3
46TUN.X17,3.5,3
46TUN.X20,3,2.5
46TUN.X21,3.25,1.5
46TUN.X23,2,3.8
46TUN.X9,2.875,6
46TUN.X15,3.25,6
46TUN.X18,3.625,6
47JPN.X1,,
47JPN.X5,,
47JPN.X7,,
47JPN.X9,,
47JPN.X11,,
47JPN.X13,,
47JPN.X16,,
47JPN.X19,,
47JPN.X20,,
47JPN.X21,,
47JPN.X22,,
47JPN.X14,,
47JPN.X15,,
47JPN.X17,,
47POL.X22,,
47POL.X3,,
47POL.X5,,
47POL.X6,,
47POL.X9,,
47POL.X10,,
47POL.X11,,
47POL.X15,,
47POL.X18,,
47POL.X19,,
47POL.X21,,
47POL.X14,,
47POL.X17,,
48SEN.X16,,
48SEN.X3,,
48SEN.X5,,
48SEN.X6,,
48SEN.X8,,
48SEN.X10,,
48SEN.X12,,
48SEN.X18,,
48SEN.X19,,
48SEN.X20,,
48SEN.X21,,
48SEN.X14,,
48SEN.X15,,
48SEN.X22,,
48COL.X1,,
48COL.X4,,
48COL.X6,,
48COL.X9,,
48COL.X10,,
48COL.X11,,
48COL.X13,,
48COL.X15,,
48COL.X17,,
48COL.X20,,
48COL.X23,,
48COL.X14,,
48COL.X16,,
48COL.X19,,
49URU.X1,,
49URU.X2,,
49URU.X3,,
49URU.X6,,
49URU.X8,,
49URU.X9,,
49URU.X14,,
49URU.X15,,
49URU.X17,,
49URU.X21,,
49URU.X22,,
49URU.X5,,
49URU.X7,,
49URU.X11,,
49POR.X1,,
49POR.X3,,
49POR.X5,,
49POR.X6,,
49POR.X7,,
49POR.X10,,
49POR.X11,,
49POR.X14,,
49POR.X15,,
49POR.X17,,
49POR.X23,,
49POR.X4,,
49POR.X9,,
49POR.X20,,
50FRA.X1,0.5,3
50FRA.X2,3,4.5
50FRA.X4,2,4
50FRA.X5,2,2.2
50FRA.X6,3.5,3.3
50FRA.X7,4.3,3
50FRA.X9,5,2.7
50FRA.X10,4.3,4
50FRA.X13,3,2.7
50FRA.X14,3.5,2.5
50FRA.X21,3,1.5
50FRA.X12,2.875,0
50FRA.X18,3.25,0
50FRA.X20,3.625,0
50ARG.X12,6,3
50ARG.X2,3.5,1.8
50ARG.X3,3.8,4.5
50ARG.X7,3.1,3.5
50ARG.X10,2.5,2.7
50ARG.X11,2.5,4
50ARG.X14,3.8,3
50ARG.X15,3,2
50ARG.X16,4,3.8
50ARG.X17,4,2.1
50ARG.X22,2.5,1.5
50ARG.X6,2.875,6
50ARG.X13,3.25,6
50ARG.X19,3.625,6
51ESP.X1,,
51ESP.X3,,
51ESP.X4,,
51ESP.X5,,
51ESP.X8,,
51ESP.X15,,
51ESP.X18,,
51ESP.X19,,
51ESP.X20,,
51ESP.X21,,
51ESP.X22,,
51ESP.X2,,
51ESP.X6,,
51ESP.X9,,
51ESP.X17,,
51RUS.X1,,
51RUS.X2,,
51RUS.X3,,
51RUS.X4,,
51RUS.X7,,
51RUS.X11,,
51RUS.X13,,
51RUS.X17,,
51RUS.X18,,
51RUS.X19,,
51RUS.X22,,
51RUS.X6,,
51RUS.X10,,
51RUS.X14,,
51RUS.X21,,
52CRO.X23,6,3
52CRO.X2,3.7,1.5
52CRO.X3,3.5,4.5
52CRO.X4,2.5,3.7
52CRO.X6,4,2.1
52CRO.X7,3.25,3.2
52CRO.X10,2.8,2.8
52CRO.X11,3.7,3.2
52CRO.X17,1.5,3.2
52CRO.X18,2,2.8
52CRO.X21,4.3,3.8
52CRO.X8,2.875,6
52CRO.X9,3.125,6
52CRO.X19,3.375,6
52CRO.X22,3.625,6
52DEN.X1,0.5,3
52DEN.X4,2,3.8
52DEN.X5,2.8,1.5
52DEN.X6,2.8,3.5
52DEN.X8,3.25,2.5
52DEN.X10,4.2,3.2
52DEN.X11,4.2,2
52DEN.X13,2,2.1
52DEN.X14,2.8,4.5
52DEN.X20,4.2,4.3
52DEN.X21,4.7,3
52DEN.X2,2.875,0
52DEN.X9,3.125,0
52DEN.X19,3.375,0
52DEN.X23,3.625,0
53BRA.X1,,
53BRA.X2,,
53BRA.X3,,
53BRA.X5,,
53BRA.X6,,
53BRA.X9,,
53BRA.X10,,
53BRA.X11,,
53BRA.X15,,
53BRA.X19,,
53BRA.X22,,
53BRA.X13,,
53BRA.X17,,
53BRA.X20,,
53MEX.X13,,
53MEX.X2,,
53MEX.X3,,
53MEX.X4,,
53MEX.X11,,
53MEX.X14,,
53MEX.X16,,
53MEX.X18,,
53MEX.X21,,
53MEX.X22,,
53MEX.X23,,
53MEX.X6,,
53MEX.X7,,
53MEX.X9,,
54BEL.X1,,
54BEL.X2,,
54BEL.X4,,
54BEL.X5,,
54BEL.X6,,
54BEL.X7,,
54BEL.X9,,
54BEL.X10,,
54BEL.X11,,
54BEL.X14,,
54BEL.X15,,
54BEL.X8,,
54BEL.X22,,
54JPN.X1,,
54JPN.X3,,
54JPN.X5,,
54JPN.X7,,
54JPN.X8,,
54JPN.X10,,
54JPN.X14,,
54JPN.X15,,
54JPN.X17,,
54JPN.X19,,
54JPN.X22,,
54JPN.X4,,
54JPN.X16,,
55SWE.X1,,
55SWE.X2,,
55SWE.X3,,
55SWE.X4,,
55SWE.X6,,
55SWE.X8,,
55SWE.X9,,
55SWE.X10,,
55SWE.X13,,
55SWE.X17,,
55SWE.X20,,
55SWE.X5,,
55SWE.X16,,
55SWE.X22,,
55SUI.X1,,
55SUI.X5,,
55SUI.X6,,
55SUI.X10,,
55SUI.X11,,
55SUI.X13,,
55SUI.X14,,
55SUI.X15,,
55SUI.X19,,
55SUI.X20,,
55SUI.X23,,
55SUI.X7,,
55SUI.X9,,
56COL.X1,,
56COL.X4,,
56COL.X5,,
56COL.X6,,
56COL.X9,,
56COL.X11,,
56COL.X13,,
56COL.X16,,
56COL.X17,,
56COL.X20,,
56COL.X23,,
56COL.X2,,
56COL.X7,,
56COL.X14,,
56COL.X15,,
56ENG.X1,,
56ENG.X2,,
56ENG.X5,,
56ENG.X6,,
56ENG.X7,,
56ENG.X8,,
56ENG.X9,,
56ENG.X10,,
56ENG.X12,,
56ENG.X18,,
56ENG.X20,,
56ENG.X3,,
56ENG.X4,,
56ENG.X11,,
56ENG.X19,,
57URU.X1,6,3
57URU.X2,4,2.1
57URU.X3,4.3,3.8
57URU.X6,3,3
57URU.X8,3.2,1.5
57URU.X9,1.5,3.2
57URU.X11,2,3
57URU.X14,3.5,3
57URU.X15,3.25,3.3
57URU.X17,4,4.5
57URU.X22,3.5,1.5
57URU.X7,2.875,6
57URU.X18,3.25,6
57URU.X20,3.625,6
57FRA.X1,0.5,3
57FRA.X2,2.7,4.5
57FRA.X4,2,4
57FRA.X5,2,2
57FRA.X6,3.25,4
57FRA.X7,4,3
57FRA.X9,5,2.7
57FRA.X10,4.8,4
57FRA.X12,3.3,2
57FRA.X13,2.7,2.7
57FRA.X21,2.7,1.5
57FRA.X11,2.875,0
57FRA.X15,3.25,0
57FRA.X18,3.625,0
58BRA.X1,,
58BRA.X2,,
58BRA.X3,,
58BRA.X9,,
58BRA.X10,,
58BRA.X11,,
58BRA.X12,,
58BRA.X15,,
58BRA.X17,,
58BRA.X19,,
58BRA.X22,,
58BRA.X7,,
58BRA.X8,,
58BRA.X20,,
58BEL.X1,,
58BEL.X2,,
58BEL.X4,,
58BEL.X5,,
58BEL.X6,,
58BEL.X7,,
58BEL.X8,,
58BEL.X9,,
58BEL.X10,,
58BEL.X15,,
58BEL.X22,,
58BEL.X3,,
58BEL.X17,,
59RUS.X1,0.5,3
59RUS.X2,2.7,4.5
59RUS.X3,2,3.8
59RUS.X4,2,2
59RUS.X6,4,1.5
59RUS.X7,3.25,3.5
59RUS.X11,3.5,2.5
59RUS.X13,2.5,1.5
59RUS.X17,4.5,2.8
59RUS.X19,4,4
59RUS.X22,5,3
59RUS.X8,2.875,0
59RUS.X9,3.125,0
59RUS.X10,3.375,0
59RUS.X21,3.625,0
59CRO.X23,6,3
59CRO.X2,3.5,1.5
59CRO.X3,3.5,4.5
59CRO.X4,2.3,4
59CRO.X6,4.5,2.1
59CRO.X7,3.7,3.3
59CRO.X9,2.3,3.4
59CRO.X10,3,2.7
59CRO.X17,2,3
59CRO.X18,2.3,2.6
59CRO.X21,4.3,3.2
59CRO.X5,2.875,6
59CRO.X8,3.125,6
59CRO.X11,3.375,6
59CRO.X22,3.625,6
60SWE.X1,,
60SWE.X3,,
60SWE.X4,,
60SWE.X6,,
60SWE.X7,,
60SWE.X8,,
60SWE.X9,,
60SWE.X10,,
60SWE.X16,,
60SWE.X17,,
60SWE.X20,,
60SWE.X5,,
60SWE.X11,,
60SWE.X18,,
60ENG.X1,,
60ENG.X2,,
60ENG.X5,,
60ENG.X6,,
60ENG.X7,,
60ENG.X8,,
60ENG.X9,,
60ENG.X10,,
60ENG.X12,,
60ENG.X18,,
60ENG.X20,,
60ENG.X4,,
60ENG.X17,,
60ENG.X19,,
61FRA.X1,0.5,3
61FRA.X2,3,4.5
61FRA.X4,2,4
61FRA.X5,2,2
61FRA.X6,3.25,3.6
61FRA.X7,4.7,2.8
61FRA.X9,5,3
61FRA.X10,4.5,4
61FRA.X13,3.25,2.7
61FRA.X14,3.5,2
61FRA.X21,3,1.5
61FRA.X12,3,0
61FRA.X15,3.5,0
61BEL.X1,6,3
61BEL.X2,4,2
61BEL.X4,4.1,3.5
61BEL.X5,4,4.5
61BEL.X6,3.5,2.8
61BEL.X7,2.8,2.6
61BEL.X8,2.5,3.3
61BEL.X9,1.5,3
61BEL.X10,2.5,4
61BEL.X19,3.5,3.5
61BEL.X22,3.25,1.5
61BEL.X11,2.875,6
61BEL.X14,3.25,6
61BEL.X21,3.625,6
62CRO.X23,6,3
62CRO.X2,3.5,1.5
62CRO.X3,3.5,4.5
62CRO.X4,2,3.8
62CRO.X6,4.3,2.1
62CRO.X7,3,3.5
62CRO.X10,3,2.1
62CRO.X11,3.8,3
62CRO.X17,1.5,3
62CRO.X18,2,2.1
62CRO.X21,4.3,3.8
62CRO.X5,2.875,6
62CRO.X9,3.125,6
62CRO.X19,3.375,6
62CRO.X22,3.625,6
62ENG.X1,0.5,3
62ENG.X2,2.3,3.8
62ENG.X5,2.3,3
62ENG.X6,2.7,2.1
62ENG.X7,3.5,3.7
62ENG.X8,3.25,3
62ENG.X9,4.5,3
62ENG.X10,5,3
62ENG.X12,3.25,4.5
62ENG.X18,3,1.5
62ENG.X20,3.5,2.1
62ENG.X3,2.875,0
62ENG.X4,3.125,0
62ENG.X11,3.375,0
62ENG.X19,3.625,0
63BEL.X1,,
63BEL.X2,,
63BEL.X4,,
63BEL.X5,,
63BEL.X6,,
63BEL.X7,,
63BEL.X9,,
63BEL.X10,,
63BEL.X15,,
63BEL.X17,,
63BEL.X22,,
63BEL.X3,,
63BEL.X14,,
63BEL.X19,,
63ENG.X1,,
63ENG.X3,,
63ENG.X4,,
63ENG.X5,,
63ENG.X6,,
63ENG.X9,,
63ENG.X10,,
63ENG.X12,,
63ENG.X16,,
63ENG.X17,,
63ENG.X21,,
63ENG.X7,,
63ENG.X19,,
63ENG.X20,,
64FRA.X1,0.5,3
64FRA.X2,2.8,4.5
64FRA.X4,2,4
64FRA.X5,2,2
64FRA.X6,3.5,3.5
64FRA.X7,4.3,3
64FRA.X9,5,3
64FRA.X10,4,4
64FRA.X13,3.25,2.7
64FRA.X14,3.5,1.5
64FRA.X21,2.8,1.5
64FRA.X12,2.875,0
64FRA.X15,3.25,0
64FRA.X18,3.625,0
64CRO.X23,6,3
64CRO.X2,3.8,1.5
64CRO.X3,3.8,4.5
64CRO.X4,2.5,3.3
64CRO.X6,4.3,2
64CRO.X7,3,4
64CRO.X10,3.25,2
64CRO.X11,3.8,3
64CRO.X17,2.5,1.7
64CRO.X18,2.3,2.7
64CRO.X21,4.3,3.8
64CRO.X9,3.25,6
64CRO.X20,3.625,6
01RUS.XS,,
01KSA.XS,,
02EGY.XS,,
02URU.XS,,
03POR.XS,,
03ESP.XS,,
04MAR.XS,,
04IRN.XS,,
05FRA.XS,0.5,5.5
05AUS.XS,6,0.5
06PER.XS,,
06DEN.XS,,
07ARG.XS,6,0.5
07ISL.XS,0.5,5.5
08CRO.XS,6,0.5
08NGA.XS,0.5,5.5
09BRA.XS,,
09SUI.XS,,
10CRC.XS,0.5,5.5
10SRB.XS,6,0.5
11GER.XS,,
11MEX.XS,,
12SWE.XS,,
12KOR.XS,,
13BEL.XS,6,0.5
13PAN.XS,0.5,5.5
14TUN.XS,,
14ENG.XS,,
15POL.XS,,
15SEN.XS,,
16COL.XS,,
16JPN.XS,,
17RUS.XS,,
17EGY.XS,,
18URU.XS,,
18KSA.XS,,
19POR.XS,,
19MAR.XS,,
20IRN.XS,,
20ESP.XS,,
21FRA.XS,0.5,5.5
21PER.XS,6,0.5
22DEN.XS,0.5,5.5
22AUS.XS,6,0.5
23ARG.XS,0.5,5.5
23CRO.XS,6,0.5
24NGA.XS,6,0.5
24ISL.XS,0.5,5.5
25BRA.XS,6,0.5
25CRC.XS,0.5,5.5
26SRB.XS,,
26SUI.XS,,
27GER.XS,,
27SWE.XS,,
28KOR.XS,,
28MEX.XS,,
29BEL.XS,,
29TUN.XS,,
30ENG.XS,6,0.5
30PAN.XS,0.5,5.5
31POL.XS,,
31COL.XS,,
32JPN.XS,,
32SEN.XS,,
33URU.XS,,
33RUS.XS,,
34KSA.XS,,
34EGY.XS,,
35IRN.XS,,
35POR.XS,,
36ESP.XS,,
36MAR.XS,,
37DEN.XS,6,0.5
37FRA.XS,0.5,5.5
38AUS.XS,6,0.5
38PER.XS,0.5,5.5
39NGA.XS,,
39ARG.XS,,
40ISL.XS,0.5,5.5
40CRO.XS,6,0.5
41SRB.XS,,
41BRA.XS,,
42SUI.XS,6,0.5
42CRC.XS,0.5,5.5
43KOR.XS,,
43GER.XS,,
44MEX.XS,,
44SWE.XS,,
45ENG.XS,,
45BEL.XS,,
46PAN.XS,0.5,5.5
46TUN.XS,6,0.5
47JPN.XS,,
47POL.XS,,
48SEN.XS,,
48COL.XS,,
49URU.XS,,
49POR.XS,,
50FRA.XS,0.5,5.5
50ARG.XS,6,0.5
51ESP.XS,,
51RUS.XS,,
52CRO.XS,6,0.5
52DEN.XS,0.5,5.5
53BRA.XS,,
53MEX.XS,,
54BEL.XS,,
54JPN.XS,,
55SWE.XS,,
55SUI.XS,,
56COL.XS,,
56ENG.XS,,
57URU.XS,6,0.5
57FRA.XS,0.5,5.5
58BRA.XS,,
58BEL.XS,,
59RUS.XS,0.5,5.5
59CRO.XS,6,0.5
60SWE.XS,,
60ENG.XS,,
61FRA.XS,0.5,5.5
61BEL.XS,6,0.5
62CRO.XS,6,0.5
62ENG.XS,0.5,5.5
63BEL.XS,,
63ENG.XS,,
64FRA.XS,0.5,5.5
64CRO.XS,6,0.5
